Time,Open,High,Low,Close,Volume
11032019 0000;"3919.18000000";"3927.63000000";"3913.36000000";"3916.82000000";"667.59270200"
11032019 0100;"3915.99000000";"3930.00000000";"3915.99000000";"3922.83000000";"803.35358900"
11032019 0200;"3921.88000000";"3933.00000000";"3921.71000000";"3926.54000000";"807.07573700"
11032019 0300;"3926.52000000";"3930.96000000";"3918.36000000";"3924.65000000";"735.65113500"
11032019 0400;"3923.55000000";"3936.98000000";"3923.20000000";"3932.73000000";"1969.83377900"
11032019 0500;"3932.73000000";"3934.79000000";"3909.00000000";"3909.00000000";"1449.23801100"
11032019 0600;"3909.39000000";"3912.50000000";"3860.00000000";"3883.02000000";"2857.71691600"
11032019 0700;"3882.38000000";"3898.72000000";"3872.80000000";"3898.68000000";"1912.58180700"
11032019 0800;"3897.39000000";"3901.46000000";"3885.39000000";"3885.50000000";"1439.84451800"
11032019 0900;"3885.49000000";"3893.80000000";"3878.00000000";"3886.74000000";"1175.72137500"
11032019 1000;"3886.72000000";"3898.48000000";"3874.23000000";"3898.29000000";"970.61155400"
11032019 1100;"3897.12000000";"3899.01000000";"3874.61000000";"3878.82000000";"1120.95327900"
11032019 1200;"3878.00000000";"3887.98000000";"3863.14000000";"3873.49000000";"3005.19129200"
11032019 1300;"3873.48000000";"3873.49000000";"3830.00000000";"3848.34000000";"3300.46900400"
11032019 1400;"3849.26000000";"3876.00000000";"3839.84000000";"3871.38000000";"2174.18469100"
11032019 1500;"3871.34000000";"3873.00000000";"3850.77000000";"3861.47000000";"2055.53623600"
11032019 1600;"3861.48000000";"3864.96000000";"3847.00000000";"3848.12000000";"1250.37484400"
11032019 1700;"3848.11000000";"3867.91000000";"3846.80000000";"3859.36000000";"1116.26769600"
11032019 1800;"3859.21000000";"3875.00000000";"3858.82000000";"3868.59000000";"1012.73110700"
11032019 1900;"3868.99000000";"3885.51000000";"3841.24000000";"3869.08000000";"2923.89874200"
11032019 2000;"3869.05000000";"3872.96000000";"3851.00000000";"3855.66000000";"1851.20237000"
11032019 2100;"3855.64000000";"3869.52000000";"3855.64000000";"3863.00000000";"1132.37381800"
11032019 2200;"3862.83000000";"3870.68000000";"3856.00000000";"3870.09000000";"851.42641100"
11032019 2300;"3870.34000000";"3877.31000000";"3864.70000000";"3868.08000000";"866.45612100"
12032019 0000;"3868.08000000";"3876.01000000";"3860.75000000";"3871.61000000";"1284.19167300"
12032019 0100;"3871.61000000";"3876.00000000";"3836.86000000";"3843.74000000";"3126.52102500"
12032019 0200;"3844.38000000";"3852.71000000";"3826.06000000";"3834.69000000";"2464.24072500"
12032019 0900;"3834.69000000";"3885.00000000";"3831.23000000";"3879.66000000";"2763.28903900"
12032019 1000;"3878.73000000";"3892.00000000";"3876.00000000";"3891.67000000";"1647.81319900"
12032019 1100;"3891.67000000";"3905.20000000";"3887.81000000";"3890.79000000";"2022.42837300"
12032019 1200;"3891.44000000";"3900.34000000";"3883.00000000";"3885.18000000";"1530.94592600"
12032019 1300;"3885.09000000";"3899.39000000";"3883.06000000";"3897.11000000";"1267.66302100"
12032019 1400;"3897.09000000";"3902.86000000";"3886.54000000";"3894.71000000";"1644.95599800"
12032019 1500;"3894.73000000";"3895.02000000";"3889.00000000";"3893.72000000";"1437.89888700"
12032019 1600;"3893.48000000";"3894.59000000";"3866.31000000";"3872.59000000";"1424.21660700"
12032019 1700;"3872.59000000";"3891.15000000";"3865.00000000";"3890.00000000";"1948.55471800"
12032019 1800;"3890.94000000";"3893.00000000";"3882.54000000";"3885.01000000";"970.42332900"
12032019 1900;"3885.80000000";"3888.92000000";"3876.36000000";"3880.02000000";"904.41852900"
12032019 2000;"3880.54000000";"3881.99000000";"3871.00000000";"3881.33000000";"911.12939400"
12032019 2100;"3880.75000000";"3890.00000000";"3880.01000000";"3887.00000000";"841.05942100"
12032019 2200;"3887.00000000";"3891.00000000";"3879.56000000";"3883.29000000";"661.33475900"
12032019 2300;"3883.58000000";"3889.44000000";"3881.15000000";"3886.16000000";"569.92424400"
13032019 0000;"3886.63000000";"3887.57000000";"3874.03000000";"3882.73000000";"784.19142800"
13032019 0100;"3882.69000000";"3887.64000000";"3873.92000000";"3883.90000000";"987.23440500"
13032019 0200;"3883.85000000";"3884.89000000";"3871.52000000";"3875.50000000";"915.48269600"
13032019 0300;"3875.50000000";"3881.52000000";"3870.66000000";"3877.37000000";"940.45945900"
13032019 0400;"3877.37000000";"3893.56000000";"3877.00000000";"3887.89000000";"925.68272100"
13032019 0500;"3887.89000000";"3891.70000000";"3877.00000000";"3881.00000000";"970.54038400"
13032019 0600;"3881.00000000";"3886.08000000";"3873.15000000";"3873.96000000";"981.97725300"
13032019 0700;"3873.96000000";"3883.35000000";"3870.00000000";"3875.52000000";"739.57458800"
13032019 0800;"3876.47000000";"3885.07000000";"3872.00000000";"3884.64000000";"783.11779900"
13032019 0900;"3884.32000000";"3885.50000000";"3872.35000000";"3872.36000000";"918.51867200"
13032019 1000;"3873.04000000";"3880.52000000";"3858.75000000";"3864.91000000";"1288.69404600"
13032019 1100;"3865.13000000";"3865.48000000";"3840.00000000";"3850.00000000";"2619.93138900"
13032019 1200;"3850.23000000";"3862.00000000";"3847.98000000";"3856.12000000";"1354.78479600"
13032019 1300;"3856.08000000";"3877.91000000";"3851.00000000";"3877.83000000";"1666.91971100"
13032019 1400;"3877.87000000";"3890.24000000";"3875.79000000";"3880.92000000";"2135.03182000"
13032019 1500;"3880.92000000";"3888.12000000";"3855.71000000";"3865.54000000";"1368.36470900"
13032019 1600;"3865.59000000";"3876.68000000";"3856.00000000";"3872.00000000";"1058.89334500"
13032019 1700;"3872.10000000";"3876.04000000";"3860.43000000";"3861.98000000";"781.00432500"
13032019 1800;"3861.04000000";"3873.00000000";"3861.01000000";"3866.37000000";"570.69312800"
13032019 1900;"3864.79000000";"3871.41000000";"3863.64000000";"3866.21000000";"528.63087800"
13032019 2000;"3866.19000000";"3872.82000000";"3864.08000000";"3870.12000000";"509.96415800"
13032019 2100;"3870.10000000";"3872.00000000";"3860.00000000";"3868.72000000";"724.75737400"
13032019 2200;"3868.93000000";"3868.96000000";"3855.43000000";"3857.69000000";"613.17723500"
13032019 2300;"3857.69000000";"3868.53000000";"3856.61000000";"3863.15000000";"541.50792600"
14032019 0000;"3863.15000000";"3873.00000000";"3857.35000000";"3866.00000000";"536.06594000"
14032019 0100;"3866.00000000";"3878.98000000";"3860.00000000";"3878.15000000";"912.89332000"
14032019 0200;"3878.14000000";"3884.00000000";"3863.27000000";"3878.90000000";"963.60177700"
14032019 0300;"3878.36000000";"3880.25000000";"3868.25000000";"3876.03000000";"722.98153500"
14032019 0400;"3875.66000000";"3877.00000000";"3865.00000000";"3866.26000000";"645.47250300"
14032019 0500;"3867.50000000";"3874.85000000";"3866.59000000";"3869.00000000";"440.53814000"
14032019 0600;"3869.00000000";"3875.57000000";"3864.02000000";"3865.37000000";"620.94085700"
14032019 0700;"3865.26000000";"3869.54000000";"3854.15000000";"3863.83000000";"1000.47194000"
14032019 0800;"3863.40000000";"3865.00000000";"3855.75000000";"3859.58000000";"1034.85801000"
14032019 0900;"3860.73000000";"3865.00000000";"3856.61000000";"3862.68000000";"1268.83989100"
14032019 1000;"3863.51000000";"3868.80000000";"3859.00000000";"3865.28000000";"1012.34126200"
14032019 1100;"3865.43000000";"3874.27000000";"3862.53000000";"3870.30000000";"928.94862400"
14032019 1200;"3870.20000000";"3870.28000000";"3856.71000000";"3859.57000000";"950.84741600"
14032019 1300;"3859.57000000";"3874.84000000";"3850.21000000";"3865.20000000";"1344.41476300"
14032019 1400;"3865.38000000";"3877.75000000";"3863.52000000";"3869.97000000";"1385.26558500"
14032019 1500;"3869.97000000";"3920.00000000";"3810.43000000";"3878.92000000";"6821.91845400"
14032019 1600;"3878.98000000";"3894.00000000";"3871.43000000";"3882.10000000";"2107.84271800"
14032019 1700;"3883.00000000";"3885.96000000";"3874.99000000";"3875.76000000";"1033.19899700"
14032019 1800;"3876.00000000";"3888.00000000";"3875.79000000";"3882.90000000";"725.76614900"
14032019 1900;"3882.99000000";"3883.01000000";"3873.00000000";"3874.37000000";"701.41790100"
14032019 2000;"3874.37000000";"3878.56000000";"3870.00000000";"3873.47000000";"550.50385300"
14032019 2100;"3873.48000000";"3878.50000000";"3873.00000000";"3874.94000000";"491.10688600"
14032019 2200;"3874.94000000";"3879.99000000";"3870.10000000";"3877.41000000";"513.58647600"
14032019 2300;"3878.05000000";"3878.97000000";"3871.43000000";"3876.54000000";"414.54563000"
15032019 0000;"3876.48000000";"3881.00000000";"3873.54000000";"3877.12000000";"456.44584300"
15032019 0100;"3877.12000000";"3886.00000000";"3876.13000000";"3885.78000000";"740.57886000"
15032019 0200;"3884.75000000";"3893.86000000";"3881.37000000";"3890.42000000";"795.06145400"
15032019 0300;"3889.67000000";"3892.00000000";"3885.90000000";"3887.31000000";"541.76711900"
15032019 0400;"3886.82000000";"3888.17000000";"3877.60000000";"3882.90000000";"591.28322900"
15032019 0500;"3882.88000000";"3889.00000000";"3881.36000000";"3887.00000000";"619.58843400"
15032019 0600;"3887.64000000";"3892.00000000";"3887.00000000";"3890.85000000";"726.28033300"
15032019 0700;"3890.96000000";"3895.77000000";"3880.62000000";"3886.29000000";"1028.48746400"
15032019 0800;"3886.27000000";"3890.19000000";"3872.20000000";"3888.25000000";"1055.20683900"
15032019 0900;"3888.42000000";"3890.59000000";"3877.63000000";"3879.85000000";"884.84242800"
15032019 1000;"3879.97000000";"3900.41000000";"3877.04000000";"3898.07000000";"1089.37461600"
15032019 1100;"3898.00000000";"3910.00000000";"3889.06000000";"3897.50000000";"1289.22733100"
15032019 1200;"3897.50000000";"3924.40000000";"3896.50000000";"3914.05000000";"1579.80359700"
15032019 1300;"3913.52000000";"3924.75000000";"3903.08000000";"3915.33000000";"1708.70164200"
15032019 1400;"3915.48000000";"3919.00000000";"3905.00000000";"3913.56000000";"1127.53954500"
15032019 1500;"3913.56000000";"3921.00000000";"3910.31000000";"3917.34000000";"1097.31760500"
15032019 1600;"3917.10000000";"3939.22000000";"3915.00000000";"3928.19000000";"1822.89270000"
15032019 1700;"3929.36000000";"3933.50000000";"3916.83000000";"3920.71000000";"1171.16457600"
15032019 1800;"3922.38000000";"3932.86000000";"3918.64000000";"3928.42000000";"613.00800000"
15032019 1900;"3927.90000000";"3931.98000000";"3919.77000000";"3930.52000000";"605.53931100"
15032019 2000;"3930.48000000";"3934.79000000";"3926.27000000";"3932.37000000";"505.99228100"
15032019 2100;"3932.88000000";"3934.79000000";"3920.42000000";"3922.10000000";"492.50007300"
15032019 2200;"3922.10000000";"3924.00000000";"3905.92000000";"3919.44000000";"611.05653000"
15032019 2300;"3919.44000000";"3925.90000000";"3913.35000000";"3914.80000000";"512.74352300"
16032019 0000;"3915.54000000";"3929.78000000";"3914.25000000";"3923.76000000";"530.10400800"
16032019 0100;"3924.46000000";"3947.00000000";"3921.98000000";"3941.84000000";"882.28586500"
16032019 0200;"3940.84000000";"3965.00000000";"3933.65000000";"3960.01000000";"1459.37540300"
16032019 0300;"3960.00000000";"3967.74000000";"3948.50000000";"3954.62000000";"1324.47427200"
16032019 0400;"3954.09000000";"3993.54000000";"3950.50000000";"3982.97000000";"2057.08693600"
16032019 0500;"3982.70000000";"4045.00000000";"3975.60000000";"4033.08000000";"4393.37135300"
16032019 0600;"4032.65000000";"4056.98000000";"4001.83000000";"4017.17000000";"2638.79703700"
16032019 0700;"4017.18000000";"4024.97000000";"3991.34000000";"4016.55000000";"1963.19936900"
16032019 0800;"4016.55000000";"4021.99000000";"4009.00000000";"4010.06000000";"841.48218500"
16032019 0900;"4010.00000000";"4011.44000000";"3996.10000000";"4001.88000000";"783.81649500"
16032019 1000;"4001.90000000";"4015.00000000";"3999.57000000";"4014.96000000";"723.84036400"
16032019 1100;"4014.68000000";"4025.98000000";"4012.00000000";"4019.09000000";"981.63010600"
16032019 1200;"4019.02000000";"4021.77000000";"4013.99000000";"4016.08000000";"727.93829200"
16032019 1300;"4016.10000000";"4018.00000000";"3963.20000000";"3985.98000000";"2450.04359100"
16032019 1400;"3985.43000000";"3999.99000000";"3985.08000000";"3988.92000000";"1094.65580800"
16032019 1500;"3988.41000000";"4009.94000000";"3986.05000000";"4002.73000000";"895.28621700"
16032019 1600;"4002.73000000";"4003.00000000";"3982.00000000";"3989.83000000";"827.56023200"
16032019 1700;"3990.00000000";"4008.18000000";"3986.50000000";"3996.60000000";"742.91804100"
16032019 1800;"3996.62000000";"4005.02000000";"3993.78000000";"4000.64000000";"557.15334600"
16032019 1900;"4000.63000000";"4002.62000000";"3993.29000000";"3999.15000000";"521.63785900"
16032019 2000;"3999.74000000";"4000.95000000";"3988.00000000";"3993.61000000";"518.28572500"
16032019 2100;"3993.61000000";"4000.00000000";"3985.02000000";"3999.98000000";"554.76082200"
16032019 2200;"3999.98000000";"4005.00000000";"3996.24000000";"4004.00000000";"538.21458900"
16032019 2300;"4003.97000000";"4006.45000000";"4000.00000000";"4003.88000000";"461.37616500"
17032019 0000;"4004.92000000";"4008.93000000";"4000.97000000";"4005.98000000";"629.18605200"
17032019 0100;"4005.98000000";"4012.00000000";"3965.42000000";"3980.79000000";"1376.82509600"
17032019 0200;"3980.70000000";"3990.69000000";"3978.55000000";"3985.28000000";"670.42121100"
17032019 0300;"3985.28000000";"3985.61000000";"3950.01000000";"3970.80000000";"1953.97080800"
17032019 0400;"3971.00000000";"3981.00000000";"3963.27000000";"3972.23000000";"1399.46830500"
17032019 0500;"3971.17000000";"3974.79000000";"3950.13000000";"3965.22000000";"1023.28497700"
17032019 0600;"3966.70000000";"3967.80000000";"3957.12000000";"3966.40000000";"616.71302300"
17032019 0700;"3966.09000000";"3975.86000000";"3962.49000000";"3974.21000000";"448.47368500"
17032019 0800;"3974.00000000";"3977.65000000";"3969.03000000";"3975.02000000";"479.81420400"
17032019 0900;"3975.67000000";"3980.00000000";"3965.83000000";"3972.23000000";"578.92293500"
17032019 1000;"3971.86000000";"3975.03000000";"3966.06000000";"3970.90000000";"587.43950500"
17032019 1100;"3970.90000000";"3994.10000000";"3968.12000000";"3985.01000000";"993.14360900"
17032019 1200;"3985.29000000";"3994.00000000";"3977.00000000";"3987.49000000";"771.57572500"
17032019 1300;"3988.26000000";"3988.30000000";"3972.00000000";"3979.45000000";"819.63443700"
17032019 1400;"3979.45000000";"3990.00000000";"3976.45000000";"3987.23000000";"491.72622000"
17032019 1500;"3988.25000000";"4000.00000000";"3983.39000000";"3990.06000000";"1166.02240200"
17032019 1600;"3990.99000000";"3991.00000000";"3980.00000000";"3986.51000000";"757.37406500"
17032019 1700;"3988.32000000";"3995.80000000";"3979.00000000";"3987.08000000";"571.89328700"
17032019 1800;"3987.03000000";"3989.16000000";"3981.07000000";"3981.96000000";"379.62994700"
17032019 1900;"3982.90000000";"3988.48000000";"3981.44000000";"3985.89000000";"482.49089500"
17032019 2000;"3985.89000000";"3994.94000000";"3983.20000000";"3990.94000000";"510.04319100"
17032019 2100;"3991.00000000";"3997.93000000";"3987.00000000";"3992.64000000";"560.45532400"
17032019 2200;"3992.13000000";"3996.90000000";"3989.11000000";"3993.01000000";"541.67960600"
17032019 2300;"3993.01000000";"3997.75000000";"3982.16000000";"3985.97000000";"855.80151200"
18032019 0000;"3986.43000000";"3986.72000000";"3980.03000000";"3981.14000000";"777.45160800"
18032019 0100;"3981.85000000";"4007.67000000";"3973.14000000";"4005.02000000";"1357.99630200"
18032019 0200;"4005.72000000";"4037.00000000";"4003.78000000";"4022.19000000";"1906.41947700"
18032019 0300;"4021.73000000";"4027.91000000";"4012.75000000";"4020.00000000";"945.56485100"
18032019 0400;"4020.21000000";"4020.25000000";"4004.25000000";"4008.15000000";"592.18850500"
18032019 0500;"4008.56000000";"4015.18000000";"3994.73000000";"4002.06000000";"535.96157400"
18032019 0600;"4002.06000000";"4005.00000000";"3961.00000000";"3963.68000000";"1123.31797800"
18032019 0700;"3963.65000000";"3981.88000000";"3959.00000000";"3976.99000000";"1447.33751200"
18032019 0800;"3976.97000000";"3979.81000000";"3965.00000000";"3978.38000000";"861.80999100"
18032019 0900;"3978.48000000";"3992.66000000";"3970.00000000";"3987.14000000";"1370.76075700"
18032019 1000;"3987.15000000";"3990.00000000";"3970.29000000";"3974.61000000";"905.51926700"
18032019 1100;"3974.61000000";"3983.45000000";"3960.00000000";"3970.74000000";"1211.57197000"
18032019 1200;"3971.15000000";"3978.99000000";"3953.33000000";"3971.00000000";"1549.50859200"
18032019 1300;"3971.00000000";"3988.20000000";"3967.42000000";"3985.00000000";"1637.38719000"
18032019 1400;"3985.00000000";"3987.88000000";"3980.00000000";"3984.68000000";"826.72983200"
18032019 1500;"3984.02000000";"3985.20000000";"3971.00000000";"3978.14000000";"749.01396800"
18032019 1600;"3978.14000000";"3985.00000000";"3975.90000000";"3978.86000000";"953.95495000"
18032019 1700;"3978.87000000";"3984.80000000";"3977.07000000";"3981.52000000";"883.69274400"
18032019 1800;"3981.52000000";"3984.14000000";"3973.01000000";"3981.88000000";"504.62162600"
18032019 1900;"3981.88000000";"3984.80000000";"3975.50000000";"3977.85000000";"533.99305700"
18032019 2000;"3977.87000000";"3979.59000000";"3969.62000000";"3979.17000000";"586.18067800"
18032019 2100;"3979.89000000";"3991.45000000";"3979.02000000";"3986.20000000";"535.26829100"
18032019 2200;"3986.22000000";"3994.87000000";"3985.00000000";"3986.00000000";"494.74434200"
18032019 2300;"3986.00000000";"3993.85000000";"3985.00000000";"3992.01000000";"499.10090400"
19032019 0000;"3992.00000000";"3992.70000000";"3982.04000000";"3987.81000000";"441.83365200"
19032019 0100;"3987.83000000";"3999.40000000";"3983.14000000";"3998.01000000";"676.11591800"
19032019 0200;"3997.89000000";"4002.99000000";"3990.37000000";"3993.00000000";"669.03976500"
19032019 0300;"3992.44000000";"4001.79000000";"3991.72000000";"3994.00000000";"719.93055100"
19032019 0400;"3994.00000000";"3998.87000000";"3986.14000000";"3987.45000000";"622.40549900"
19032019 0500;"3987.52000000";"3991.99000000";"3970.00000000";"3977.72000000";"941.06533500"
19032019 0600;"3977.14000000";"3985.71000000";"3976.13000000";"3983.09000000";"595.42193000"
19032019 0700;"3983.09000000";"3989.50000000";"3980.82000000";"3980.85000000";"523.89911900"
19032019 0800;"3980.85000000";"3985.71000000";"3974.23000000";"3981.93000000";"658.08957800"
19032019 0900;"3981.98000000";"3983.49000000";"3974.43000000";"3982.40000000";"587.22468300"
19032019 1000;"3982.40000000";"3996.09000000";"3980.02000000";"3994.77000000";"852.78585400"
19032019 1100;"3994.82000000";"4002.98000000";"3986.51000000";"3998.08000000";"1264.69290100"
19032019 1200;"3998.08000000";"3999.97000000";"3983.35000000";"3986.16000000";"835.37779200"
19032019 1300;"3987.37000000";"3993.76000000";"3980.00000000";"3983.57000000";"915.75327200"
19032019 1400;"3982.59000000";"3992.50000000";"3981.70000000";"3984.07000000";"1068.36863500"
19032019 1500;"3984.66000000";"4015.70000000";"3984.02000000";"3997.51000000";"2313.91560600"
19032019 1600;"3997.79000000";"4001.64000000";"3989.72000000";"3997.65000000";"992.35280000"
19032019 1700;"3997.93000000";"4018.00000000";"3994.00000000";"4007.00000000";"907.72133900"
19032019 1800;"4007.00000000";"4031.00000000";"4003.98000000";"4015.00000000";"1562.77698500"
19032019 1900;"4014.81000000";"4022.08000000";"4001.41000000";"4004.14000000";"846.35002600"
19032019 2000;"4004.46000000";"4011.99000000";"3996.68000000";"4006.62000000";"699.38634000"
19032019 2100;"4008.06000000";"4013.29000000";"4002.49000000";"4008.07000000";"478.79175300"
19032019 2200;"4007.64000000";"4011.69000000";"3995.40000000";"4004.93000000";"391.03217200"
19032019 2300;"4006.09000000";"4013.92000000";"4003.75000000";"4007.98000000";"393.44300200"
20032019 0000;"4007.98000000";"4020.00000000";"4007.43000000";"4015.53000000";"377.80096000"
20032019 0100;"4017.48000000";"4031.53000000";"3980.50000000";"3990.79000000";"1283.50137200"
20032019 0200;"3993.38000000";"4000.00000000";"3986.44000000";"3990.21000000";"1176.53680300"
20032019 0300;"3990.29000000";"3996.44000000";"3984.61000000";"3987.67000000";"805.12537000"
20032019 0400;"3987.67000000";"3996.12000000";"3986.30000000";"3994.97000000";"488.69609100"
20032019 0500;"3994.21000000";"3999.02000000";"3989.00000000";"3995.06000000";"614.44773100"
20032019 0600;"3996.00000000";"4008.89000000";"3994.01000000";"4006.84000000";"556.23618400"
20032019 0700;"4005.81000000";"4008.28000000";"3995.56000000";"3999.10000000";"787.30366200"
20032019 0800;"3999.08000000";"4019.30000000";"3998.83000000";"4009.01000000";"1287.63097200"
20032019 0900;"4009.93000000";"4019.01000000";"4005.00000000";"4008.99000000";"914.26342800"
20032019 1000;"4009.00000000";"4010.00000000";"3991.02000000";"3991.08000000";"982.13676600"
20032019 1100;"3993.33000000";"4016.00000000";"3985.50000000";"4013.54000000";"1826.23156300"
20032019 1200;"4011.77000000";"4021.32000000";"4006.45000000";"4010.90000000";"1078.37708000"
20032019 1300;"4010.91000000";"4019.08000000";"4004.00000000";"4012.89000000";"944.42773900"
20032019 1400;"4014.12000000";"4019.35000000";"4011.04000000";"4014.58000000";"936.62216000"
20032019 1500;"4014.51000000";"4021.99000000";"4005.94000000";"4021.98000000";"872.50109600"
20032019 1600;"4019.64000000";"4029.55000000";"4008.83000000";"4015.82000000";"1265.04182800"
20032019 1700;"4015.58000000";"4040.89000000";"4014.00000000";"4018.98000000";"1974.47649400"
20032019 1800;"4018.97000000";"4022.00000000";"4004.02000000";"4011.79000000";"1089.49204600"
20032019 1900;"4012.29000000";"4026.82000000";"4011.47000000";"4022.59000000";"762.16598800"
20032019 2000;"4022.60000000";"4027.43000000";"4020.85000000";"4022.45000000";"667.14877400"
20032019 2100;"4023.92000000";"4029.62000000";"4018.00000000";"4020.98000000";"528.20667000"
20032019 2200;"4021.00000000";"4025.07000000";"4018.75000000";"4020.92000000";"395.89649700"
20032019 2300;"4020.92000000";"4050.00000000";"4019.62000000";"4041.27000000";"1455.28394400"
21032019 0000;"4040.51000000";"4044.69000000";"4029.86000000";"4043.04000000";"740.54999700"
21032019 0100;"4043.04000000";"4054.58000000";"4040.23000000";"4049.70000000";"1108.42843100"
21032019 0200;"4050.49000000";"4053.24000000";"4024.33000000";"4038.71000000";"1122.16436900"
21032019 0300;"4038.60000000";"4046.00000000";"4037.33000000";"4040.10000000";"652.04102200"
21032019 0400;"4040.11000000";"4046.62000000";"4039.23000000";"4041.06000000";"534.62004400"
21032019 0500;"4041.75000000";"4042.62000000";"4032.82000000";"4035.78000000";"774.72505300"
21032019 0600;"4036.25000000";"4036.25000000";"4027.20000000";"4030.43000000";"842.38669600"
21032019 0700;"4029.71000000";"4037.00000000";"4028.46000000";"4036.89000000";"604.18457900"
21032019 0800;"4036.92000000";"4051.75000000";"4033.97000000";"4046.79000000";"1058.14895000"
21032019 0900;"4045.75000000";"4047.51000000";"4041.22000000";"4043.72000000";"878.30557700"
21032019 1000;"4043.00000000";"4044.33000000";"4036.80000000";"4040.00000000";"1054.44499200"
21032019 1100;"4039.98000000";"4042.77000000";"4033.97000000";"4036.26000000";"1006.92888800"
21032019 1200;"4036.69000000";"4057.88000000";"4034.85000000";"4047.78000000";"1895.11709500"
21032019 1300;"4044.62000000";"4069.32000000";"4037.86000000";"4039.34000000";"1778.40787900"
21032019 1400;"4039.34000000";"4045.00000000";"4008.71000000";"4024.46000000";"3471.59060100"
21032019 1500;"4024.12000000";"4024.98000000";"3880.01000000";"3910.00000000";"7334.50809700"
21032019 1600;"3910.00000000";"3976.00000000";"3909.07000000";"3968.66000000";"4813.65353600"
21032019 1700;"3968.25000000";"3971.89000000";"3942.23000000";"3967.11000000";"2061.67039500"
21032019 1800;"3967.11000000";"3973.00000000";"3954.96000000";"3965.60000000";"1109.01722000"
21032019 1900;"3965.90000000";"3973.11000000";"3959.44000000";"3972.44000000";"750.02757600"
21032019 2000;"3971.14000000";"3981.29000000";"3969.05000000";"3979.42000000";"684.47894300"
21032019 2100;"3979.13000000";"3981.70000000";"3973.91000000";"3979.96000000";"519.99370400"
21032019 2200;"3979.94000000";"3987.65000000";"3978.76000000";"3983.64000000";"588.15616200"
21032019 2300;"3983.35000000";"3996.00000000";"3976.14000000";"3982.21000000";"801.57048600"
22032019 0000;"3982.19000000";"3988.60000000";"3978.55000000";"3980.64000000";"553.11182400"
22032019 0100;"3980.85000000";"3990.29000000";"3971.00000000";"3986.33000000";"747.19792700"
22032019 0200;"3986.44000000";"3990.83000000";"3985.00000000";"3987.34000000";"657.30428000"
22032019 0300;"3987.17000000";"3994.89000000";"3985.68000000";"3990.01000000";"611.78783700"
22032019 0400;"3990.00000000";"3992.50000000";"3985.47000000";"3986.51000000";"832.61110800"
22032019 0500;"3985.53000000";"3986.49000000";"3980.00000000";"3981.71000000";"862.04392500"
22032019 0600;"3981.69000000";"3988.78000000";"3980.00000000";"3987.71000000";"619.49141400"
22032019 0700;"3987.71000000";"3988.51000000";"3980.00000000";"3982.96000000";"896.05200900"
22032019 0800;"3982.33000000";"3988.37000000";"3968.25000000";"3978.59000000";"1519.42242600"
22032019 0900;"3979.16000000";"3991.48000000";"3977.33000000";"3985.01000000";"1191.84624500"
22032019 1000;"3985.54000000";"3991.00000000";"3979.65000000";"3984.58000000";"903.75875000"
22032019 1100;"3985.00000000";"3990.13000000";"3980.57000000";"3985.30000000";"1041.80095500"
22032019 1200;"3984.88000000";"3990.77000000";"3982.00000000";"3987.11000000";"886.09009700"
22032019 1300;"3987.13000000";"3996.78000000";"3983.01000000";"3994.81000000";"1072.05551600"
22032019 1400;"3994.26000000";"4008.00000000";"3987.69000000";"3990.02000000";"1536.03909300"
22032019 1500;"3990.02000000";"4001.82000000";"3989.19000000";"4000.00000000";"1052.49444800"
22032019 1600;"3999.98000000";"4004.57000000";"3991.27000000";"3993.31000000";"1007.55659300"
22032019 1700;"3993.29000000";"3998.97000000";"3980.23000000";"3997.69000000";"1007.33241200"
22032019 1800;"3997.11000000";"4005.00000000";"3990.03000000";"3998.48000000";"771.47225600"
22032019 1900;"3998.40000000";"4001.12000000";"3994.47000000";"3997.03000000";"511.99098400"
22032019 2000;"3996.41000000";"4000.00000000";"3992.66000000";"3996.38000000";"480.75240000"
22032019 2100;"3997.73000000";"3997.73000000";"3980.17000000";"3985.00000000";"535.47788100"
22032019 2200;"3984.99000000";"3992.03000000";"3973.57000000";"3988.96000000";"542.06328200"
22032019 2300;"3990.29000000";"3994.28000000";"3986.62000000";"3990.94000000";"384.26434900"
23032019 0000;"3990.95000000";"3994.99000000";"3986.49000000";"3986.93000000";"351.70013100"
23032019 0100;"3987.89000000";"3988.60000000";"3978.01000000";"3982.39000000";"627.48334000"
23032019 0200;"3983.33000000";"3992.19000000";"3981.54000000";"3988.00000000";"371.25196500"
23032019 0300;"3987.36000000";"4003.10000000";"3986.50000000";"4001.76000000";"841.46215400"
23032019 0400;"4001.99000000";"4009.00000000";"3997.30000000";"4004.34000000";"769.92108300"
23032019 0500;"4005.98000000";"4006.48000000";"3989.40000000";"3994.36000000";"702.52617800"
23032019 0600;"3994.36000000";"4004.22000000";"3994.21000000";"4002.40000000";"648.92221900"
23032019 0700;"4002.40000000";"4018.83000000";"4001.48000000";"4015.88000000";"1000.64322100"
23032019 0800;"4015.88000000";"4018.00000000";"4003.01000000";"4005.00000000";"892.20733300"
23032019 0900;"4005.67000000";"4015.00000000";"3998.02000000";"4014.75000000";"1068.98075500"
23032019 1000;"4013.68000000";"4014.83000000";"4002.07000000";"4006.44000000";"705.63375200"
23032019 1100;"4006.44000000";"4011.09000000";"3981.25000000";"3996.28000000";"1171.63502900"
23032019 1200;"3996.48000000";"4003.11000000";"3991.91000000";"4001.36000000";"755.16265800"
23032019 1300;"4002.00000000";"4006.23000000";"3986.37000000";"3990.62000000";"994.10417800"
23032019 1400;"3990.62000000";"3994.00000000";"3978.01000000";"3989.19000000";"1098.06366400"
23032019 1500;"3989.19000000";"3990.32000000";"3981.50000000";"3990.00000000";"809.97456700"
23032019 1600;"3989.99000000";"4002.00000000";"3987.12000000";"4001.23000000";"904.00703600"
23032019 1700;"4001.50000000";"4002.78000000";"3989.01000000";"3990.52000000";"847.30328300"
23032019 1800;"3991.83000000";"3998.08000000";"3988.96000000";"3989.02000000";"497.13387000"
23032019 1900;"3989.04000000";"3993.70000000";"3987.86000000";"3992.87000000";"381.14319300"
23032019 2000;"3992.87000000";"3997.32000000";"3988.26000000";"3990.99000000";"474.99095800"
23032019 2100;"3990.97000000";"3994.87000000";"3987.01000000";"3991.46000000";"352.32486400"
23032019 2200;"3991.46000000";"3998.88000000";"3989.42000000";"3994.50000000";"384.80714600"
23032019 2300;"3995.27000000";"3999.98000000";"3993.01000000";"3995.35000000";"386.25101800"
24032019 0000;"3995.40000000";"4007.90000000";"3994.43000000";"4006.01000000";"616.67085400"
24032019 0100;"4006.01000000";"4006.02000000";"3996.02000000";"4000.87000000";"697.22904400"
24032019 0200;"4001.13000000";"4002.19000000";"3992.71000000";"3993.62000000";"563.01152200"
24032019 0300;"3993.62000000";"3999.21000000";"3976.39000000";"3979.62000000";"817.07363600"
24032019 0400;"3979.10000000";"3993.00000000";"3976.61000000";"3988.00000000";"569.62357200"
24032019 0500;"3988.00000000";"3993.48000000";"3986.32000000";"3992.25000000";"411.28511700"
24032019 0600;"3992.25000000";"3992.37000000";"3979.92000000";"3983.38000000";"464.41941700"
24032019 0700;"3983.28000000";"3989.99000000";"3979.42000000";"3986.90000000";"493.87969700"
24032019 0800;"3986.90000000";"3988.00000000";"3975.00000000";"3981.61000000";"722.82801700"
24032019 0900;"3981.61000000";"3985.66000000";"3980.15000000";"3984.98000000";"544.58711400"
24032019 1000;"3985.29000000";"4001.60000000";"3983.37000000";"3993.31000000";"1146.74532600"
24032019 1100;"3993.29000000";"3999.90000000";"3989.40000000";"3998.16000000";"1072.66535600"
24032019 1200;"3998.57000000";"4003.97000000";"3991.00000000";"3992.42000000";"912.77455500"
24032019 1300;"3991.86000000";"3995.63000000";"3983.29000000";"3993.30000000";"861.77941300"
24032019 1400;"3992.85000000";"3997.97000000";"3990.34000000";"3995.62000000";"631.49075800"
24032019 1500;"3996.00000000";"3997.70000000";"3986.91000000";"3994.91000000";"569.11078900"
24032019 1600;"3994.92000000";"3996.55000000";"3990.41000000";"3992.90000000";"603.04114400"
24032019 1700;"3992.90000000";"3995.21000000";"3984.88000000";"3989.57000000";"956.65016800"
24032019 1800;"3989.80000000";"3993.88000000";"3986.00000000";"3988.65000000";"646.57196800"
24032019 1900;"3988.48000000";"3991.73000000";"3980.10000000";"3984.60000000";"735.40620900"
24032019 2000;"3984.95000000";"3987.50000000";"3980.00000000";"3983.45000000";"477.91567500"
24032019 2100;"3983.44000000";"3984.73000000";"3950.00000000";"3981.25000000";"1552.56781100"
24032019 2200;"3981.25000000";"3990.00000000";"3974.00000000";"3984.50000000";"717.50723200"
24032019 2300;"3985.50000000";"3995.38000000";"3983.40000000";"3986.57000000";"600.97606800"
25032019 0000;"3986.47000000";"3994.62000000";"3985.00000000";"3992.18000000";"410.71104000"
25032019 0100;"3991.35000000";"3993.67000000";"3980.75000000";"3986.00000000";"556.75226200"
25032019 0200;"3986.26000000";"3996.00000000";"3983.33000000";"3995.00000000";"486.22414800"
25032019 0300;"3995.01000000";"3999.00000000";"3988.36000000";"3994.47000000";"524.98139500"
25032019 0400;"3994.13000000";"3999.30000000";"3992.31000000";"3996.63000000";"834.49607400"
25032019 0500;"3995.93000000";"3998.58000000";"3982.61000000";"3986.84000000";"2118.64582700"
25032019 0600;"3986.85000000";"3996.00000000";"3984.00000000";"3991.46000000";"1549.13621400"
25032019 0700;"3991.46000000";"3996.63000000";"3986.00000000";"3993.26000000";"1065.58626700"
25032019 0800;"3992.62000000";"3995.90000000";"3986.17000000";"3993.72000000";"1311.32643300"
25032019 0900;"3991.49000000";"3998.55000000";"3989.57000000";"3995.87000000";"974.45640800"
25032019 1000;"3995.87000000";"3999.00000000";"3992.94000000";"3993.52000000";"820.72066600"
25032019 1100;"3994.41000000";"3995.96000000";"3985.00000000";"3988.21000000";"1099.09756100"
25032019 1200;"3989.07000000";"3991.46000000";"3985.00000000";"3986.39000000";"748.72265900"
25032019 1300;"3987.20000000";"3987.65000000";"3968.75000000";"3978.18000000";"1727.17349600"
25032019 1400;"3978.40000000";"3988.30000000";"3976.08000000";"3978.81000000";"949.62717400"
25032019 1500;"3978.78000000";"3984.69000000";"3973.09000000";"3979.12000000";"830.67269000"
25032019 1600;"3979.99000000";"3986.84000000";"3959.16000000";"3962.92000000";"2060.21504200"
25032019 1700;"3962.92000000";"3982.24000000";"3956.14000000";"3978.39000000";"2313.99888900"
25032019 1800;"3979.23000000";"3981.11000000";"3961.12000000";"3962.00000000";"1472.69250600"
25032019 1900;"3962.00000000";"3968.56000000";"3906.00000000";"3916.72000000";"3141.60567400"
25032019 2000;"3916.72000000";"3938.49000000";"3888.71000000";"3922.22000000";"3772.80257300"
25032019 2100;"3922.22000000";"3924.65000000";"3891.14000000";"3913.73000000";"1918.75201400"
25032019 2200;"3913.28000000";"3915.00000000";"3900.00000000";"3907.39000000";"990.74335800"
25032019 2300;"3907.39000000";"3936.02000000";"3906.97000000";"3936.00000000";"1057.38448600"
26032019 0000;"3936.00000000";"3946.82000000";"3928.39000000";"3936.12000000";"867.07640100"
26032019 0100;"3935.47000000";"3958.98000000";"3931.00000000";"3934.20000000";"1015.84404100"
26032019 0200;"3934.18000000";"3944.00000000";"3932.95000000";"3941.49000000";"642.42568200"
26032019 0300;"3942.93000000";"3948.80000000";"3939.98000000";"3947.95000000";"621.13660900"
26032019 0400;"3947.01000000";"3950.00000000";"3936.03000000";"3937.26000000";"705.53422600"
26032019 0500;"3936.14000000";"3944.63000000";"3936.01000000";"3937.00000000";"627.81536700"
26032019 0600;"3937.00000000";"3943.77000000";"3933.67000000";"3933.71000000";"458.26794500"
26032019 0700;"3933.69000000";"3937.96000000";"3909.11000000";"3923.96000000";"1444.04132500"
26032019 0800;"3923.55000000";"3926.63000000";"3910.00000000";"3925.98000000";"1392.31226400"
26032019 0900;"3925.98000000";"3940.62000000";"3923.95000000";"3938.84000000";"1871.82331600"
26032019 1000;"3938.81000000";"3939.89000000";"3926.52000000";"3927.86000000";"1614.37399500"
26032019 1100;"3927.74000000";"3937.55000000";"3924.69000000";"3928.91000000";"1851.87388000"
26032019 1200;"3928.87000000";"3929.41000000";"3913.00000000";"3918.06000000";"1433.91889000"
26032019 1300;"3919.35000000";"3919.35000000";"3894.00000000";"3903.13000000";"2197.64701500"
26032019 1400;"3903.84000000";"3919.00000000";"3896.00000000";"3909.02000000";"2110.14519800"
26032019 1500;"3909.02000000";"3935.00000000";"3907.48000000";"3933.39000000";"1909.45482600"
26032019 1600;"3933.39000000";"3946.36000000";"3930.61000000";"3942.01000000";"1869.51202200"
26032019 1700;"3943.30000000";"3947.23000000";"3933.66000000";"3938.50000000";"1670.45488600"
26032019 1800;"3938.92000000";"3940.09000000";"3930.00000000";"3930.57000000";"1220.63028000"
26032019 1900;"3930.57000000";"3943.30000000";"3929.10000000";"3942.45000000";"960.26869400"
26032019 2000;"3942.35000000";"3946.00000000";"3930.00000000";"3933.02000000";"963.80942400"
26032019 2100;"3933.59000000";"3936.82000000";"3928.00000000";"3929.11000000";"544.53597100"
26032019 2200;"3929.11000000";"3933.11000000";"3924.95000000";"3927.04000000";"677.27031900"
26032019 2300;"3927.04000000";"3936.92000000";"3927.00000000";"3935.08000000";"466.30510600"
27032019 0000;"3935.10000000";"3952.00000000";"3931.06000000";"3948.55000000";"1080.13634600"
27032019 0100;"3948.77000000";"3965.62000000";"3936.15000000";"3962.63000000";"1501.58448500"
27032019 0200;"3963.10000000";"3999.00000000";"3955.81000000";"3987.43000000";"2548.68804700"
27032019 0300;"3987.15000000";"3995.00000000";"3978.12000000";"3990.78000000";"1333.80232100"
27032019 0400;"3990.01000000";"3993.93000000";"3986.59000000";"3991.59000000";"1053.49366500"
27032019 0500;"3991.59000000";"3999.80000000";"3985.18000000";"3992.32000000";"1032.79905100"
27032019 0600;"3992.32000000";"4006.52000000";"3991.13000000";"4003.48000000";"1197.03510600"
27032019 0700;"4004.44000000";"4006.52000000";"3995.03000000";"3997.13000000";"1220.95312700"
27032019 0800;"3997.13000000";"4002.30000000";"3994.37000000";"4000.00000000";"901.95799800"
27032019 0900;"4000.00000000";"4000.50000000";"3986.35000000";"3999.03000000";"1190.64937900"
27032019 1000;"3999.24000000";"4009.00000000";"3994.33000000";"3996.98000000";"1785.69604700"
27032019 1100;"3996.98000000";"4036.80000000";"3996.24000000";"4017.96000000";"2832.08317100"
27032019 1200;"4017.95000000";"4040.36000000";"4014.14000000";"4033.22000000";"2040.46966400"
27032019 1300;"4033.25000000";"4034.99000000";"4013.00000000";"4016.46000000";"1676.58636600"
27032019 1400;"4016.46000000";"4024.00000000";"4014.21000000";"4019.81000000";"1454.03816900"
27032019 1500;"4021.29000000";"4022.61000000";"4014.19000000";"4017.50000000";"1294.12472700"
27032019 1600;"4017.50000000";"4026.51000000";"4003.97000000";"4021.49000000";"1479.51366200"
27032019 1700;"4021.50000000";"4026.00000000";"4008.79000000";"4016.10000000";"971.19732800"
27032019 1800;"4015.32000000";"4024.99000000";"4011.10000000";"4022.84000000";"1171.11715600"
27032019 1900;"4022.86000000";"4028.00000000";"4014.16000000";"4018.69000000";"953.34598900"
27032019 2000;"4019.18000000";"4026.06000000";"4013.00000000";"4020.12000000";"959.34301100"
27032019 2100;"4019.99000000";"4026.09000000";"4015.00000000";"4023.48000000";"872.07153600"
27032019 2200;"4023.52000000";"4025.00000000";"4017.45000000";"4018.27000000";"748.66925900"
27032019 2300;"4019.40000000";"4028.00000000";"4017.00000000";"4027.79000000";"739.25509500"
28032019 0000;"4026.97000000";"4048.00000000";"4026.70000000";"4038.05000000";"1406.08149300"
28032019 0100;"4039.58000000";"4039.70000000";"4011.00000000";"4030.39000000";"1575.92087300"
28032019 0200;"4031.43000000";"4031.76000000";"4019.12000000";"4028.58000000";"839.08322000"
28032019 0300;"4028.58000000";"4030.67000000";"4025.01000000";"4029.50000000";"594.15693300"
28032019 0400;"4029.44000000";"4034.87000000";"4009.00000000";"4014.83000000";"1010.66145100"
28032019 0500;"4015.93000000";"4017.47000000";"4002.00000000";"4014.00000000";"1039.52317000"
28032019 0600;"4014.00000000";"4030.86000000";"4008.71000000";"4027.49000000";"1033.60403800"
28032019 0700;"4027.05000000";"4031.17000000";"4022.30000000";"4024.06000000";"1241.37283400"
28032019 0800;"4023.50000000";"4030.00000000";"4019.22000000";"4025.91000000";"931.51137300"
28032019 0900;"4025.98000000";"4025.98000000";"4013.01000000";"4021.80000000";"858.53001700"
28032019 1000;"4021.78000000";"4026.48000000";"4013.84000000";"4023.12000000";"810.29618500"
28032019 1100;"4023.23000000";"4023.23000000";"4016.00000000";"4016.67000000";"692.85509100"
28032019 1200;"4017.67000000";"4020.00000000";"4005.19000000";"4017.04000000";"1060.17292800"
28032019 1300;"4016.57000000";"4021.68000000";"4012.01000000";"4016.56000000";"1179.95409700"
28032019 1400;"4016.56000000";"4029.66000000";"4014.22000000";"4027.47000000";"955.97859200"
28032019 1500;"4027.47000000";"4036.15000000";"4020.14000000";"4034.00000000";"896.22411900"
28032019 1600;"4034.00000000";"4038.50000000";"4025.02000000";"4030.49000000";"1006.32030800"
28032019 1700;"4030.98000000";"4032.99000000";"4021.97000000";"4022.95000000";"938.03078800"
28032019 1800;"4022.97000000";"4030.96000000";"4020.53000000";"4024.70000000";"625.99998700"
28032019 1900;"4024.80000000";"4029.50000000";"4023.63000000";"4028.50000000";"426.71794300"
28032019 2000;"4028.50000000";"4030.00000000";"4020.86000000";"4024.89000000";"599.27127300"
28032019 2100;"4024.89000000";"4029.00000000";"4022.49000000";"4026.57000000";"480.65015600"
28032019 2200;"4026.58000000";"4028.60000000";"4021.51000000";"4023.20000000";"416.24786400"
28032019 2300;"4023.20000000";"4026.14000000";"4019.93000000";"4024.21000000";"422.82583400"
29032019 0000;"4024.21000000";"4030.00000000";"4022.00000000";"4027.81000000";"453.38480100"
29032019 0100;"4028.22000000";"4044.65000000";"4026.10000000";"4029.22000000";"1538.20917700"
29032019 0200;"4029.22000000";"4035.69000000";"4025.50000000";"4029.56000000";"868.64084400"
29032019 0300;"4028.94000000";"4039.75000000";"4028.94000000";"4038.70000000";"659.16289400"
29032019 0400;"4038.70000000";"4044.00000000";"4033.60000000";"4041.46000000";"916.73542000"
29032019 0500;"4041.99000000";"4063.97000000";"4029.88000000";"4033.08000000";"1803.22778400"
29032019 0600;"4033.03000000";"4036.13000000";"4025.63000000";"4029.05000000";"1013.09392300"
29032019 0700;"4029.05000000";"4037.59000000";"4024.03000000";"4037.39000000";"694.95467000"
29032019 0800;"4037.39000000";"4067.49000000";"4037.38000000";"4057.63000000";"1914.41230900"
29032019 0900;"4056.59000000";"4058.71000000";"4042.00000000";"4050.23000000";"1022.87342000"
29032019 1000;"4049.45000000";"4092.37000000";"4049.45000000";"4087.86000000";"3069.69825300"
29032019 1100;"4087.08000000";"4107.28000000";"4082.68000000";"4094.12000000";"2502.35091500"
29032019 1200;"4094.84000000";"4123.71000000";"4086.46000000";"4123.43000000";"2602.69709100"
29032019 1300;"4120.18000000";"4123.44000000";"4078.20000000";"4097.36000000";"2728.29373400"
29032019 1400;"4098.70000000";"4100.49000000";"4090.64000000";"4096.82000000";"1184.61862400"
29032019 1500;"4096.82000000";"4096.83000000";"4082.00000000";"4083.01000000";"837.94505300"
29032019 1600;"4083.92000000";"4096.93000000";"4080.14000000";"4087.21000000";"808.77884300"
29032019 1700;"4087.14000000";"4094.00000000";"4068.00000000";"4093.95000000";"986.08862500"
29032019 1800;"4093.93000000";"4097.16000000";"4090.81000000";"4091.71000000";"548.07636900"
29032019 1900;"4091.63000000";"4108.00000000";"4090.87000000";"4106.00000000";"868.73854400"
29032019 2000;"4106.00000000";"4107.70000000";"4084.66000000";"4085.00000000";"984.04518600"
29032019 2100;"4085.00000000";"4089.17000000";"4079.60000000";"4084.61000000";"893.38840000"
29032019 2200;"4084.00000000";"4094.56000000";"4082.14000000";"4092.63000000";"390.93403500"
29032019 2300;"4092.63000000";"4097.00000000";"4089.90000000";"4093.45000000";"354.37507200"
30032019 0000;"4093.43000000";"4108.85000000";"4090.00000000";"4103.25000000";"892.87825900"
30032019 0100;"4104.24000000";"4140.00000000";"4097.20000000";"4131.42000000";"1630.87140800"
30032019 0200;"4131.52000000";"4133.97000000";"4116.22000000";"4121.63000000";"970.67889200"
30032019 0300;"4122.42000000";"4127.89000000";"4116.89000000";"4119.86000000";"718.30589600"
30032019 0400;"4120.38000000";"4122.00000000";"4090.70000000";"4093.46000000";"1846.36376100"
30032019 0500;"4094.45000000";"4095.01000000";"4052.00000000";"4083.47000000";"2470.73630700"
30032019 0600;"4083.08000000";"4103.75000000";"4080.04000000";"4103.58000000";"895.41517300"
30032019 0700;"4103.58000000";"4108.58000000";"4095.01000000";"4098.82000000";"559.38207400"
30032019 0800;"4098.00000000";"4100.81000000";"4087.76000000";"4097.95000000";"527.87219100"
30032019 0900;"4097.94000000";"4098.00000000";"4084.74000000";"4088.08000000";"646.97823200"
30032019 1000;"4088.86000000";"4098.00000000";"4086.37000000";"4087.76000000";"537.41738300"
30032019 1100;"4087.76000000";"4091.98000000";"4074.00000000";"4079.49000000";"968.07733800"
30032019 1200;"4079.49000000";"4094.87000000";"4077.53000000";"4093.38000000";"729.37537100"
30032019 1300;"4093.40000000";"4096.59000000";"4086.96000000";"4093.62000000";"680.62820000"
30032019 1400;"4094.27000000";"4096.91000000";"4080.41000000";"4087.14000000";"704.04997700"
30032019 1500;"4087.32000000";"4090.13000000";"4080.02000000";"4088.99000000";"589.31392500"
30032019 1600;"4089.60000000";"4090.90000000";"4071.00000000";"4077.88000000";"717.58059700"
30032019 1700;"4076.33000000";"4088.95000000";"4057.07000000";"4085.65000000";"1323.13872900"
30032019 1800;"4086.68000000";"4088.90000000";"4077.01000000";"4079.17000000";"662.70227500"
30032019 1900;"4080.00000000";"4091.01000000";"4079.16000000";"4089.82000000";"495.34342000"
30032019 2000;"4089.23000000";"4092.00000000";"4083.54000000";"4087.45000000";"323.85919600"
30032019 2100;"4086.22000000";"4095.00000000";"4085.86000000";"4090.58000000";"313.50945800"
30032019 2200;"4090.01000000";"4099.45000000";"4090.01000000";"4096.10000000";"361.63028800"
30032019 2300;"4096.08000000";"4099.60000000";"4088.84000000";"4099.46000000";"337.68182600"
31032019 0000;"4098.35000000";"4107.74000000";"4095.00000000";"4106.97000000";"498.38068400"
31032019 0100;"4106.99000000";"4116.12000000";"4095.01000000";"4096.61000000";"720.04281100"
31032019 0300;"4097.90000000";"4104.66000000";"4092.00000000";"4095.99000000";"433.21270300"
31032019 0400;"4095.77000000";"4097.91000000";"4085.00000000";"4085.03000000";"538.01216800"
31032019 0500;"4085.03000000";"4097.15000000";"4082.57000000";"4096.41000000";"485.97630300"
31032019 0600;"4096.99000000";"4108.18000000";"4095.45000000";"4098.47000000";"605.54956100"
31032019 0700;"4097.14000000";"4099.00000000";"4089.49000000";"4096.84000000";"568.70474700"
31032019 0800;"4096.10000000";"4097.22000000";"4089.50000000";"4093.33000000";"542.34806400"
31032019 0900;"4093.31000000";"4096.98000000";"4084.61000000";"4085.03000000";"398.53249100"
31032019 1000;"4085.38000000";"4098.98000000";"4085.00000000";"4097.61000000";"552.58839000"
31032019 1100;"4098.79000000";"4099.01000000";"4093.23000000";"4094.98000000";"432.63560500"
31032019 1200;"4093.97000000";"4106.48000000";"4090.13000000";"4101.80000000";"556.81560800"
31032019 1300;"4101.80000000";"4116.12000000";"4101.01000000";"4111.59000000";"859.86859300"
31032019 1400;"4111.59000000";"4113.16000000";"4097.24000000";"4099.67000000";"901.31765100"
31032019 1500;"4099.65000000";"4113.46000000";"4097.96000000";"4107.23000000";"927.68288100"
31032019 1600;"4108.29000000";"4111.95000000";"4105.19000000";"4110.62000000";"667.11962700"
31032019 1700;"4110.62000000";"4111.04000000";"4095.64000000";"4097.00000000";"605.83952800"
31032019 1800;"4097.00000000";"4107.90000000";"4096.08000000";"4104.57000000";"599.03796700"
31032019 1900;"4104.95000000";"4105.59000000";"4096.00000000";"4100.82000000";"484.22383000"
31032019 2000;"4100.82000000";"4106.53000000";"4097.73000000";"4102.04000000";"651.17398600"
31032019 2100;"4102.04000000";"4109.41000000";"4098.31000000";"4106.17000000";"457.73127700"
31032019 2200;"4106.18000000";"4112.00000000";"4104.12000000";"4107.54000000";"468.73748300"
31032019 2300;"4107.54000000";"4107.54000000";"4099.20000000";"4103.77000000";"339.51631200"
 1042019 0000;"4103.77000000";"4107.00000000";"4098.37000000";"4106.95000000";"363.50684700"
 1042019 0100;"4106.30000000";"4109.50000000";"4102.42000000";"4103.95000000";"364.91300000"
 1042019 0200;"4102.44000000";"4127.65000000";"4067.00000000";"4121.69000000";"2532.22622300"
 1042019 0300;"4119.90000000";"4140.95000000";"4114.10000000";"4116.95000000";"2178.03182400"
 1042019 0400;"4117.57000000";"4130.36000000";"4114.10000000";"4122.88000000";"1205.39938500"
 1042019 0500;"4123.07000000";"4139.00000000";"4115.01000000";"4129.90000000";"1881.76300800"
 1042019 0600;"4129.90000000";"4138.00000000";"4127.46000000";"4130.76000000";"722.29339100"
 1042019 0700;"4130.71000000";"4135.00000000";"4121.00000000";"4134.85000000";"586.45845700"
 1042019 0800;"4134.85000000";"4142.68000000";"4131.05000000";"4140.80000000";"1028.57308700"
 1042019 0900;"4140.80000000";"4144.04000000";"4123.50000000";"4128.85000000";"1210.31326700"
 1042019 1000;"4128.85000000";"4137.46000000";"4111.12000000";"4135.50000000";"1106.27932100"
 1042019 1100;"4135.90000000";"4138.16000000";"4127.22000000";"4134.14000000";"650.49681800"
 1042019 1200;"4134.12000000";"4134.18000000";"4123.60000000";"4126.05000000";"956.06209100"
 1042019 1300;"4127.06000000";"4135.19000000";"4122.55000000";"4128.69000000";"1081.18722000"
 1042019 1400;"4128.68000000";"4143.31000000";"4126.86000000";"4139.99000000";"992.57270800"
 1042019 1500;"4139.97000000";"4149.03000000";"4134.03000000";"4149.02000000";"937.91352800"
 1042019 1600;"4149.03000000";"4158.70000000";"4134.80000000";"4138.61000000";"1825.93169100"
 1042019 1700;"4138.61000000";"4148.94000000";"4134.00000000";"4145.07000000";"1068.79886300"
 1042019 1800;"4145.01000000";"4156.00000000";"4138.66000000";"4150.41000000";"970.88376100"
 1042019 1900;"4150.39000000";"4152.27000000";"4140.07000000";"4144.98000000";"1039.61653300"
 1042019 2000;"4144.98000000";"4146.88000000";"4133.00000000";"4140.04000000";"876.11442700"
 1042019 2100;"4140.04000000";"4141.51000000";"4134.59000000";"4137.45000000";"525.17910300"
 1042019 2200;"4138.38000000";"4141.33000000";"4133.80000000";"4137.65000000";"548.45229600"
 1042019 2300;"4137.42000000";"4147.71000000";"4135.64000000";"4145.06000000";"408.74633100"
 2042019 0000;"4145.06000000";"4154.97000000";"4142.23000000";"4146.77000000";"615.79585500"
 2042019 0100;"4146.78000000";"4153.26000000";"4143.27000000";"4144.56000000";"557.97845300"
 2042019 0200;"4144.54000000";"4165.00000000";"4140.54000000";"4153.15000000";"1005.32476700"
 2042019 0300;"4153.13000000";"4165.00000000";"4145.37000000";"4159.20000000";"935.15966800"
 2042019 0400;"4158.41000000";"4184.16000000";"4158.35000000";"4176.69000000";"1999.58083800"
 2042019 0500;"4177.40000000";"4186.00000000";"4167.11000000";"4179.40000000";"1510.57718100"
 2042019 0600;"4178.98000000";"4573.67000000";"4174.98000000";"4498.28000000";"12383.85022500"
 2042019 0700;"4490.74000000";"4841.44000000";"4481.00000000";"4625.84000000";"21248.05986900"
 2042019 0800;"4623.74000000";"4700.02000000";"4585.44000000";"4675.53000000";"10674.56022900"
 2042019 0900;"4677.10000000";"4679.00000000";"4625.36000000";"4646.03000000";"4796.58790900"
 2042019 1000;"4647.01000000";"4686.94000000";"4645.00000000";"4650.00000000";"3679.15309600"
 2042019 1100;"4649.99000000";"4775.00000000";"4649.99000000";"4745.38000000";"5820.74531100"
 2042019 1200;"4745.00000000";"4756.86000000";"4703.00000000";"4729.39000000";"3627.42989700"
 2042019 1300;"4729.41000000";"4750.00000000";"4716.91000000";"4722.27000000";"2716.60749100"
 2042019 1400;"4722.45000000";"4777.82000000";"4721.18000000";"4766.12000000";"3051.93799800"
 2042019 1500;"4766.59000000";"4769.00000000";"4732.98000000";"4764.24000000";"3275.64088300"
 2042019 1600;"4764.24000000";"4768.17000000";"4618.00000000";"4718.02000000";"5214.91626100"
 2042019 1700;"4718.00000000";"4735.85000000";"4680.10000000";"4733.85000000";"2061.47492100"
 2042019 1800;"4733.85000000";"4736.00000000";"4687.49000000";"4715.64000000";"2260.89095000"
 2042019 1900;"4715.64000000";"4716.78000000";"4665.00000000";"4691.16000000";"2065.24203200"
 2042019 2000;"4691.19000000";"4715.69000000";"4690.89000000";"4714.21000000";"1280.00749100"
 2042019 2100;"4714.21000000";"4746.81000000";"4702.00000000";"4729.00000000";"1457.85401800"
 2042019 2200;"4726.97000000";"4787.92000000";"4710.00000000";"4764.99000000";"4014.32511300"
 2042019 2300;"4764.99000000";"4790.00000000";"4745.33000000";"4748.82000000";"2219.25656200"
 3042019 0000;"4747.21000000";"4794.47000000";"4747.21000000";"4791.79000000";"1504.80929400"
 3042019 0100;"4794.00000000";"4897.99000000";"4771.05000000";"4857.29000000";"6579.64725900"
 3042019 0200;"4857.19000000";"4950.00000000";"4849.00000000";"4937.77000000";"7134.63800700"
 3042019 0300;"4937.82000000";"4950.00000000";"4878.66000000";"4935.43000000";"4540.77882600"
 3042019 0400;"4934.64000000";"5027.21000000";"4929.36000000";"5023.90000000";"5920.96224300"
 3042019 0500;"5022.69000000";"5034.99000000";"4930.00000000";"5000.56000000";"5690.22745400"
 3042019 0600;"5000.56000000";"5002.67000000";"4753.50000000";"4837.96000000";"8249.80827900"
 3042019 0700;"4837.95000000";"4924.48000000";"4835.41000000";"4900.53000000";"3916.86129200"
 3042019 0800;"4902.17000000";"4946.64000000";"4885.01000000";"4937.11000000";"2550.36387400"
 3042019 0900;"4936.24000000";"4957.33000000";"4920.00000000";"4930.00000000";"2084.87770700"
 3042019 1000;"4929.97000000";"4935.58000000";"4893.85000000";"4919.00000000";"1958.81653700"
 3042019 1100;"4919.02000000";"4935.00000000";"4903.00000000";"4930.96000000";"1611.21124900"
 3042019 1200;"4930.41000000";"4942.87000000";"4898.17000000";"4909.00000000";"1600.53584100"
 3042019 1300;"4910.01000000";"4939.99000000";"4905.80000000";"4920.39000000";"1482.06422000"
 3042019 1400;"4920.39000000";"4975.98000000";"4919.00000000";"4953.46000000";"2845.80804800"
 3042019 1500;"4953.03000000";"5004.07000000";"4945.00000000";"4994.19000000";"3323.30192200"
 3042019 1600;"4993.36000000";"4996.17000000";"4950.00000000";"4951.05000000";"2891.87904400"
 3042019 1700;"4951.74000000";"4973.45000000";"4936.26000000";"4960.19000000";"2042.15909400"
 3042019 1800;"4961.95000000";"5095.90000000";"4960.21000000";"5083.72000000";"7448.15253400"
 3042019 1900;"5083.14000000";"5132.00000000";"5028.06000000";"5080.72000000";"5970.54077400"
 3042019 2000;"5080.72000000";"5150.19000000";"5071.53000000";"5093.94000000";"3663.99082800"
 3042019 2100;"5096.57000000";"5140.00000000";"5087.01000000";"5108.57000000";"2874.58683100"
 3042019 2200;"5105.50000000";"5241.00000000";"5102.49000000";"5236.26000000";"6179.68481800"
 3042019 2300;"5236.26000000";"5275.01000000";"5119.00000000";"5139.56000000";"5657.48621500"
 4042019 0000;"5139.58000000";"5204.01000000";"4835.00000000";"5034.92000000";"8733.42077500"
 4042019 0100;"5033.76000000";"5034.90000000";"4760.00000000";"4932.60000000";"11517.96933100"
 4042019 0200;"4932.59000000";"4994.00000000";"4880.00000000";"4989.17000000";"4259.60029300"
 4042019 0300;"4989.18000000";"5039.08000000";"4942.46000000";"4960.19000000";"3480.85663800"
 4042019 0400;"4960.19000000";"5003.96000000";"4960.19000000";"4983.07000000";"2449.78347600"
 4042019 0500;"4983.05000000";"4986.97000000";"4906.50000000";"4936.72000000";"2131.63520400"
 4042019 0600;"4936.25000000";"4987.90000000";"4917.94000000";"4985.85000000";"1741.17699700"
 4042019 0700;"4985.52000000";"5017.80000000";"4978.99000000";"4990.98000000";"1902.72759000"
 4042019 0800;"4991.00000000";"5034.11000000";"4990.98000000";"5016.72000000";"2037.60722300"
 4042019 0900;"5016.72000000";"5021.42000000";"4988.62000000";"5013.00000000";"1591.26369100"
 4042019 1000;"5013.35000000";"5030.00000000";"4960.00000000";"5005.59000000";"2186.45538400"
 4042019 1100;"5005.85000000";"5011.23000000";"4970.18000000";"4992.31000000";"1833.85532900"
 4042019 1200;"4992.31000000";"4993.83000000";"4945.00000000";"4950.49000000";"2100.49138700"
 4042019 1300;"4950.49000000";"4979.62000000";"4894.99000000";"4971.96000000";"3768.68779100"
 4042019 1400;"4971.87000000";"5000.00000000";"4958.46000000";"4995.26000000";"2058.75759400"
 4042019 1500;"4995.26000000";"4997.49000000";"4965.00000000";"4987.94000000";"1787.35754500"
 4042019 1600;"4989.33000000";"5015.00000000";"4965.00000000";"4982.00000000";"2370.95660900"
 4042019 1700;"4982.00000000";"4988.25000000";"4926.00000000";"4978.04000000";"2073.27684000"
 4042019 1800;"4979.39000000";"4982.15000000";"4900.00000000";"4907.69000000";"3312.00466600"
 4042019 1900;"4905.70000000";"4945.00000000";"4860.00000000";"4869.24000000";"3636.13382600"
 4042019 2000;"4871.39000000";"4872.45000000";"4808.41000000";"4844.25000000";"5085.28879900"
 4042019 2100;"4845.31000000";"4863.25000000";"4803.23000000";"4813.73000000";"2427.94910000"
 4042019 2200;"4813.73000000";"4850.90000000";"4777.00000000";"4842.25000000";"3554.50476200"
 4042019 2300;"4842.13000000";"4927.48000000";"4827.76000000";"4915.09000000";"2548.46587700"
 5042019 0000;"4919.28000000";"4927.99000000";"4855.88000000";"4856.36000000";"1555.97780300"
 5042019 0100;"4857.63000000";"4908.28000000";"4856.89000000";"4898.66000000";"1159.43974400"
 5042019 0200;"4898.64000000";"4954.06000000";"4896.82000000";"4932.59000000";"1879.69664200"
 5042019 0300;"4932.59000000";"4935.08000000";"4903.07000000";"4908.71000000";"1024.02611100"
 5042019 0400;"4908.72000000";"4924.75000000";"4890.00000000";"4914.89000000";"1166.18026500"
 5042019 0500;"4914.26000000";"4918.00000000";"4880.62000000";"4892.05000000";"1045.19358600"
 5042019 0600;"4890.18000000";"4961.11000000";"4890.18000000";"4943.80000000";"1995.54212200"
 5042019 0700;"4943.77000000";"5000.00000000";"4939.25000000";"4976.91000000";"3654.87962200"
 5042019 0800;"4976.33000000";"4981.48000000";"4931.70000000";"4936.27000000";"1813.83202200"
 5042019 0900;"4936.73000000";"4958.13000000";"4934.62000000";"4944.33000000";"1403.72281300"
 5042019 1000;"4944.33000000";"4977.00000000";"4944.33000000";"4965.23000000";"1103.52147200"
 5042019 1100;"4965.22000000";"4965.96000000";"4941.43000000";"4946.01000000";"1135.13771500"
 5042019 1200;"4946.02000000";"4965.37000000";"4935.00000000";"4956.34000000";"1158.78093700"
 5042019 1300;"4954.85000000";"4998.99000000";"4953.57000000";"4985.53000000";"2395.19430900"
 5042019 1400;"4985.46000000";"5015.44000000";"4962.60000000";"5005.45000000";"2766.59005400"
 5042019 1500;"5005.44000000";"5028.22000000";"4952.02000000";"4981.20000000";"3345.55661300"
 5042019 1600;"4981.20000000";"4999.99000000";"4943.00000000";"4961.31000000";"2201.19007700"
 5042019 1700;"4962.82000000";"4974.63000000";"4941.00000000";"4966.50000000";"1624.10380000"
 5042019 1800;"4966.50000000";"5006.87000000";"4955.00000000";"4988.98000000";"1231.19992800"
 5042019 1900;"4987.94000000";"5015.00000000";"4972.54000000";"5004.74000000";"1401.59556400"
 5042019 2000;"5004.73000000";"5027.10000000";"4977.95000000";"4990.49000000";"2018.28910600"
 5042019 2100;"4992.08000000";"4999.03000000";"4977.31000000";"4978.62000000";"904.18887400"
 5042019 2200;"4979.61000000";"5020.00000000";"4956.27000000";"4972.39000000";"1864.73418900"
 5042019 2300;"4970.97000000";"4998.71000000";"4969.40000000";"4978.75000000";"789.66640100"
 6042019 0000;"4981.25000000";"5010.02000000";"4965.50000000";"5008.12000000";"907.02914500"
 6042019 0100;"5008.12000000";"5016.00000000";"4982.67000000";"5004.95000000";"938.70143900"
 6042019 0200;"5004.96000000";"5004.98000000";"4975.24000000";"4991.29000000";"842.51098600"
 6042019 0300;"4991.94000000";"4997.78000000";"4965.00000000";"4987.80000000";"860.90301800"
 6042019 0400;"4987.88000000";"4995.07000000";"4974.75000000";"4993.13000000";"820.54730600"
 6042019 0500;"4993.13000000";"5005.06000000";"4980.02000000";"4992.55000000";"1313.61304700"
 6042019 0600;"4992.55000000";"5002.09000000";"4987.51000000";"4998.88000000";"638.90262800"
 6042019 0700;"4998.88000000";"5008.72000000";"4996.16000000";"4999.08000000";"667.61454400"
 6042019 0800;"4999.69000000";"5000.99000000";"4987.95000000";"4998.49000000";"485.84246000"
 6042019 0900;"4998.89000000";"4999.00000000";"4980.45000000";"4984.45000000";"1034.27524400"
 6042019 1000;"4984.45000000";"4985.66000000";"4950.02000000";"4971.64000000";"1564.65173800"
 6042019 1100;"4971.62000000";"4978.22000000";"4955.08000000";"4964.94000000";"762.33695700"
 6042019 1200;"4964.00000000";"4986.61000000";"4963.28000000";"4973.42000000";"663.52952900"
 6042019 1300;"4973.42000000";"4985.00000000";"4968.08000000";"4978.25000000";"596.13812600"
 6042019 1400;"4977.25000000";"5007.77000000";"4975.00000000";"4989.42000000";"1178.68247900"
 6042019 1500;"4989.42000000";"5015.00000000";"4989.42000000";"4991.09000000";"1325.16449300"
 6042019 1600;"4991.74000000";"5030.00000000";"4982.00000000";"5029.97000000";"1327.20788200"
 6042019 1700;"5029.97000000";"5098.00000000";"4998.90000000";"5092.15000000";"4004.53595200"
 6042019 1800;"5092.16000000";"5205.00000000";"5078.00000000";"5150.16000000";"6849.51342900"
 6042019 1900;"5150.11000000";"5156.76000000";"5087.00000000";"5119.24000000";"3473.06792000"
 6042019 2000;"5119.23000000";"5161.89000000";"5114.08000000";"5142.45000000";"1556.40679500"
 6042019 2100;"5141.85000000";"5175.09000000";"5131.00000000";"5140.00000000";"1690.44758600"
 6042019 2200;"5138.98000000";"5152.97000000";"5034.00000000";"5068.55000000";"2010.54945800"
 6042019 2300;"5067.89000000";"5072.65000000";"4928.59000000";"5014.77000000";"5686.44249300"
 7042019 0000;"5015.43000000";"5056.98000000";"5012.59000000";"5026.76000000";"1459.60464500"
 7042019 0100;"5026.76000000";"5070.00000000";"5019.13000000";"5043.89000000";"958.35359800"
 7042019 0200;"5042.07000000";"5062.74000000";"5026.00000000";"5039.61000000";"783.07825000"
 7042019 0300;"5039.59000000";"5050.00000000";"5035.20000000";"5044.11000000";"816.22665000"
 7042019 0400;"5044.10000000";"5126.04000000";"5042.29000000";"5120.99000000";"1247.68101600"
 7042019 0500;"5120.99000000";"5149.44000000";"5101.18000000";"5120.00000000";"2539.29007500"
 7042019 0600;"5120.57000000";"5149.98000000";"5120.00000000";"5131.44000000";"1431.84234300"
 7042019 0700;"5131.03000000";"5142.97000000";"5090.37000000";"5098.00000000";"1268.02405500"
 7042019 0800;"5097.99000000";"5134.97000000";"5081.70000000";"5134.41000000";"1243.81022300"
 7042019 0900;"5133.86000000";"5160.00000000";"5125.38000000";"5136.61000000";"1169.44535700"
 7042019 1000;"5136.61000000";"5169.50000000";"5120.80000000";"5157.00000000";"1330.28076500"
 7042019 1100;"5156.99000000";"5175.00000000";"5120.00000000";"5130.15000000";"1399.21168400"
 7042019 1200;"5130.11000000";"5149.00000000";"5116.00000000";"5122.56000000";"1147.97998900"
 7042019 1300;"5122.20000000";"5128.86000000";"5093.88000000";"5115.04000000";"1287.01097400"
 7042019 1400;"5114.25000000";"5144.48000000";"5113.89000000";"5144.48000000";"782.38963300"
 7042019 1500;"5143.17000000";"5160.00000000";"5132.65000000";"5158.04000000";"1394.17105200"
 7042019 1600;"5158.04000000";"5164.97000000";"5120.32000000";"5133.23000000";"1271.88239100"
 7042019 1700;"5133.23000000";"5145.00000000";"5097.44000000";"5120.61000000";"1423.04620800"
 7042019 1800;"5118.68000000";"5134.17000000";"5050.00000000";"5103.98000000";"3446.43861800"
 7042019 1900;"5104.00000000";"5134.33000000";"5103.69000000";"5123.86000000";"1226.66641800"
 7042019 2000;"5123.86000000";"5133.00000000";"5100.91000000";"5120.00000000";"909.82470000"
 7042019 2100;"5119.55000000";"5155.00000000";"5115.02000000";"5121.16000000";"1355.98954100"
 7042019 2200;"5121.27000000";"5155.02000000";"5097.76000000";"5127.73000000";"2189.13624700"
 7042019 2300;"5127.73000000";"5144.00000000";"5121.21000000";"5136.88000000";"781.88128000"
 8042019 0000;"5136.84000000";"5234.00000000";"5120.00000000";"5159.03000000";"4152.52911100"
 8042019 0100;"5158.15000000";"5193.24000000";"5130.00000000";"5170.27000000";"3017.65022400"
 8042019 0200;"5170.27000000";"5250.19000000";"5152.59000000";"5244.83000000";"3396.42137700"
 8042019 0300;"5244.80000000";"5305.00000000";"5230.00000000";"5247.34000000";"4631.24484200"
 8042019 0400;"5246.59000000";"5301.44000000";"5240.00000000";"5252.00000000";"3333.33036500"
 8042019 0500;"5252.01000000";"5253.66000000";"5185.45000000";"5198.97000000";"2659.83930600"
 8042019 0600;"5199.45000000";"5269.89000000";"5197.35000000";"5268.03000000";"1477.72117900"
 8042019 0700;"5268.02000000";"5269.76000000";"5230.00000000";"5250.74000000";"1375.51976500"
 8042019 0800;"5250.74000000";"5252.91000000";"5204.00000000";"5227.90000000";"1029.03036200"
 8042019 0900;"5226.41000000";"5227.17000000";"5160.00000000";"5207.91000000";"2331.87330000"
 8042019 1000;"5206.45000000";"5213.95000000";"5131.45000000";"5171.51000000";"2167.08353900"
 8042019 1100;"5171.51000000";"5218.15000000";"5170.82000000";"5216.77000000";"1218.44448600"
 8042019 1200;"5217.43000000";"5218.35000000";"5133.62000000";"5143.63000000";"1694.45233100"
 8042019 1300;"5143.63000000";"5153.14000000";"5045.00000000";"5046.16000000";"4569.44813400"
 8042019 1400;"5046.16000000";"5127.67000000";"5039.00000000";"5125.80000000";"3013.88106100"
 8042019 1500;"5125.79000000";"5168.00000000";"5106.21000000";"5127.29000000";"1966.35713400"
 8042019 1600;"5126.54000000";"5189.50000000";"5116.60000000";"5188.28000000";"1921.88146200"
 8042019 1700;"5189.06000000";"5199.08000000";"5173.00000000";"5191.31000000";"1726.93401100"
 8042019 1800;"5190.09000000";"5208.00000000";"5140.32000000";"5164.00000000";"2074.04048500"
 8042019 1900;"5162.82000000";"5171.85000000";"5134.26000000";"5157.66000000";"1233.50208100"
 8042019 2000;"5156.94000000";"5189.30000000";"5155.98000000";"5167.15000000";"878.68282900"
 8042019 2100;"5167.00000000";"5178.73000000";"5145.00000000";"5155.05000000";"1318.96830600"
 8042019 2200;"5154.99000000";"5213.00000000";"5148.89000000";"5203.29000000";"1474.00261600"
 8042019 2300;"5202.77000000";"5230.00000000";"5198.52000000";"5224.47000000";"1421.64025300"
 9042019 0000;"5224.43000000";"5255.00000000";"5210.42000000";"5220.96000000";"1882.57094700"
 9042019 0100;"5221.75000000";"5250.00000000";"5180.09000000";"5236.90000000";"1381.56061100"
 9042019 0200;"5238.38000000";"5238.40000000";"5180.31000000";"5185.83000000";"1732.94886600"
 9042019 0300;"5184.71000000";"5200.72000000";"5162.95000000";"5176.01000000";"1667.36028000"
 9042019 0400;"5177.84000000";"5210.00000000";"5176.00000000";"5179.46000000";"996.44750900"
 9042019 0500;"5179.53000000";"5198.96000000";"5135.33000000";"5158.64000000";"1518.98663900"
 9042019 0600;"5158.64000000";"5182.53000000";"5137.52000000";"5150.63000000";"1662.17413700"
 9042019 0700;"5150.61000000";"5154.67000000";"5076.68000000";"5143.33000000";"3169.38406100"
 9042019 0800;"5142.07000000";"5167.10000000";"5138.01000000";"5165.52000000";"1537.95110600"
 9042019 0900;"5165.02000000";"5177.20000000";"5136.54000000";"5147.97000000";"1109.53341600"
 9042019 1000;"5148.45000000";"5168.95000000";"5108.90000000";"5157.03000000";"1863.06344500"
 9042019 1100;"5157.85000000";"5165.71000000";"5110.00000000";"5123.88000000";"1847.37497500"
 9042019 1200;"5123.23000000";"5149.98000000";"5085.75000000";"5141.78000000";"2564.18714100"
 9042019 1300;"5141.78000000";"5162.90000000";"5116.17000000";"5153.36000000";"1785.29793400"
 9042019 1400;"5152.94000000";"5163.97000000";"5138.00000000";"5142.41000000";"1163.46925000"
 9042019 1500;"5142.41000000";"5185.00000000";"5140.06000000";"5152.77000000";"2137.49711700"
 9042019 1600;"5152.80000000";"5162.00000000";"5135.00000000";"5147.55000000";"1448.67963500"
 9042019 1700;"5147.25000000";"5178.92000000";"5146.50000000";"5155.52000000";"945.00938600"
 9042019 1800;"5155.52000000";"5188.94000000";"5155.00000000";"5179.03000000";"1058.70042100"
 9042019 1900;"5180.39000000";"5185.82000000";"5162.50000000";"5162.81000000";"902.39727900"
 9042019 2000;"5162.85000000";"5179.47000000";"5162.85000000";"5172.05000000";"722.11330800"
 9042019 2100;"5174.04000000";"5174.04000000";"5156.02000000";"5165.80000000";"531.36307000"
 9042019 2200;"5165.84000000";"5194.12000000";"5156.00000000";"5170.57000000";"968.21479600"
 9042019 2300;"5171.00000000";"5181.24000000";"5166.90000000";"5172.99000000";"578.76860300"
10042019 0000;"5172.97000000";"5172.99000000";"5121.00000000";"5153.20000000";"1348.65332100"
10042019 0100;"5152.09000000";"5173.47000000";"5141.08000000";"5150.00000000";"807.43661600"
10042019 0200;"5150.00000000";"5179.71000000";"5135.00000000";"5165.11000000";"1308.27649400"
10042019 0300;"5164.28000000";"5200.00000000";"5161.11000000";"5189.85000000";"1483.25146100"
10042019 0400;"5187.96000000";"5191.74000000";"5177.85000000";"5182.68000000";"869.31685900"
10042019 0500;"5184.97000000";"5186.25000000";"5168.04000000";"5173.54000000";"497.27716500"
10042019 0600;"5172.83000000";"5197.90000000";"5171.57000000";"5188.11000000";"793.62822200"
10042019 0700;"5186.29000000";"5220.12000000";"5186.29000000";"5213.77000000";"1394.87517400"
10042019 0800;"5213.76000000";"5228.08000000";"5202.06000000";"5213.89000000";"1224.13747400"
10042019 0900;"5213.89000000";"5222.11000000";"5193.97000000";"5199.97000000";"944.82444400"
10042019 1000;"5200.00000000";"5211.86000000";"5196.00000000";"5209.96000000";"670.78877200"
10042019 1100;"5208.47000000";"5218.00000000";"5200.01000000";"5208.79000000";"579.81301100"
10042019 1200;"5210.31000000";"5210.32000000";"5189.00000000";"5207.44000000";"822.59846300"
10042019 1300;"5207.03000000";"5219.00000000";"5196.02000000";"5197.40000000";"1368.46726400"
10042019 1400;"5197.01000000";"5245.00000000";"5195.33000000";"5234.42000000";"1635.59772000"
10042019 1500;"5234.42000000";"5246.39000000";"5216.17000000";"5231.85000000";"1342.13614000"
10042019 1600;"5231.85000000";"5237.33000000";"5220.00000000";"5231.00000000";"899.43488200"
10042019 1700;"5231.01000000";"5246.00000000";"5212.04000000";"5245.06000000";"1175.72096100"
10042019 1800;"5245.50000000";"5268.99000000";"5221.39000000";"5234.48000000";"1878.79129400"
10042019 1900;"5233.09000000";"5278.99000000";"5229.67000000";"5252.73000000";"1361.18690900"
10042019 2000;"5252.73000000";"5422.00000000";"5252.73000000";"5351.79000000";"7317.92682900"
10042019 2100;"5351.79000000";"5386.82000000";"5337.37000000";"5363.83000000";"2670.74118900"
10042019 2200;"5362.83000000";"5382.74000000";"5180.89000000";"5274.32000000";"5812.18793500"
10042019 2300;"5272.47000000";"5300.93000000";"5233.34000000";"5272.00000000";"2205.10833000"
11042019 0000;"5272.00000000";"5280.00000000";"5248.96000000";"5275.22000000";"777.29269500"
11042019 0100;"5276.22000000";"5310.00000000";"5275.18000000";"5308.25000000";"1040.24078400"
11042019 0200;"5307.86000000";"5332.67000000";"5278.00000000";"5295.26000000";"1902.56882000"
11042019 0300;"5293.30000000";"5295.29000000";"5266.60000000";"5275.28000000";"852.36782300"
11042019 0400;"5277.18000000";"5279.45000000";"5251.42000000";"5267.41000000";"1201.07082900"
11042019 0500;"5266.03000000";"5267.55000000";"5100.00000000";"5143.49000000";"5952.00916300"
11042019 0600;"5143.50000000";"5191.64000000";"5105.00000000";"5180.18000000";"2807.34739900"
11042019 0700;"5180.18000000";"5183.11000000";"5139.77000000";"5182.67000000";"1545.87568600"
11042019 0800;"5182.09000000";"5193.89000000";"5170.93000000";"5187.90000000";"1084.12548200"
11042019 0900;"5187.50000000";"5189.93000000";"5156.88000000";"5158.01000000";"912.07679500"
11042019 1000;"5158.31000000";"5179.54000000";"5115.00000000";"5171.11000000";"2114.75455000"
11042019 1100;"5171.11000000";"5174.81000000";"4988.00000000";"5055.61000000";"4765.88738100"
11042019 1200;"5054.42000000";"5078.74000000";"5026.02000000";"5041.67000000";"3605.84804400"
11042019 1300;"5041.67000000";"5042.93000000";"4927.00000000";"5001.91000000";"7678.25607000"
11042019 1400;"5001.01000000";"5025.00000000";"4970.00000000";"5018.56000000";"3116.62901000"
